"nose_x","nose_y","leftEye_x","leftEye_y","rightEye_x","rightEye_y","leftEar_x","leftEar_y","rightEar_x","rightEar_y","leftShoulder_x","leftShoulder_y","rightShoulder_x","rightShoulder_y","leftElbow_x","leftElbow_y","rightElbow_x","rightElbow_y","leftWrist_x","leftWrist_y","rightWrist_x","rightWrist_y","leftHip_x","leftHip_y","rightHip_x","rightHip_y","leftKnee_x","leftKnee_y","rightKnee_x","rightKnee_y","leftAnkle_x","leftAnkle_y","rightAnkle_x","rightAnkle_y",decisao
949.9852316296054,111.55295999133637,971.6003762330527,91.02470308890139,929.5294082582229,89.39109238205253,997.6405886638953,106.05694603827214,897.9398675465862,107.6992453489786,1027.4265155718022,234.6142483128648,842.1351771966956,231.67663455473314,1056.2308742656783,386.76025865606766,759.8160419389895,354.1926889382448,1042.9268209850743,495.59716250645977,737.3139472694248,261.5216325693093,986.7903713122416,543.686776068424,855.4596588491002,538.8183719174872,989.2320827380229,747.776750497781,874.016293774319,745.3477709580952,1012.9234723636613,949.9081634640229,842.7544005278947,916.1723398883983,apresentar
952.4995101750593,109.09067591804478,973.3500612013999,87.85546447516418,932.183491747667,88.86801634317243,1005.7827402552742,106.37652564141536,904.4498939365728,111.1581040913029,1030.5864671046631,232.9025612916464,840.4247652788571,230.18479877872687,1065.9345966739877,388.06044819753924,759.971524843446,349.3935017270337,1051.7167598264227,474.2046192926192,762.3067251717534,264.51017030946014,990.4215308757144,540.2073758492674,865.5887470171145,543.0163090331081,996.4600036858585,760.9762466371292,870.7952049641294,755.5353442240319,1012.3193525618616,958.3649536607795,839.0987893486765,920.8452662605257,apresentar
952.4099968936193,110.19323801716018,972.9599557127007,88.16419311998419,931.8916291114422,88.9843025652815,1005.0216698553776,107.19748292915551,903.2988409495075,111.3619353891811,1029.7409223860805,234.4994190973067,840.9142618142214,230.30995528521703,1066.3548958626238,388.56895060854663,757.0692390412208,350.1923474263589,1044.0296431367035,472.5647886996139,764.7950999931603,272.7561327270033,989.0203893045507,540.4320371753975,867.9729797125791,541.9233394875137,995.1278437158013,760.2325552261293,870.7753234150808,755.6691127435706,1007.7440100050159,954.1679020150627,840.7320451550911,921.0521647531234,apresentar
949.8112475918425,112.85991980407948,971.2263708448596,93.7496900744012,930.5071522753526,91.81941288454522,998.0570787956742,109.9312582646827,898.9010145135427,110.86004116191941,1027.601167552666,235.07322675059277,838.8522909587459,233.3795724119194,1056.5949442228919,389.6819753683959,732.7370443974952,345.21835505266597,1047.1395078428989,505.4428219331378,729.0854252915439,228.8072970497933,985.2796639171556,543.9707249147883,854.7518493414854,537.9879182600325,991.3800808798942,746.4636331402373,874.3044141479967,746.6477556636826,1010.6069103196437,948.1989914712276,842.9792470969115,914.4684045695146,apresentar
954.7225848988337,109.55667577365034,974.7811871836622,87.03966905170842,933.6125052485485,87.61414108573234,1005.1234465721517,105.71613118806238,902.6786085789306,109.49601941535445,1031.73608802172,237.08033342769636,840.3498790607379,231.83421925348068,1064.562856176948,391.76734004039247,761.5845379662421,354.6334031398194,1041.8232507371717,484.2537715926709,767.952094764561,273.09338877637094,988.4102847325663,541.1154489480105,867.1222980662543,542.616153227216,994.0114667721759,756.56273333479,869.7674418052347,752.907046900649,1008.2131376155156,954.5415440422089,840.749441955804,919.0730546884499,apresentar
954.1180429569943,113.15502240963951,974.1170433430357,90.94059213126218,933.5113252276112,90.72832515731398,1005.9504812515199,108.83605600794931,902.4995000816969,111.83439380927769,1031.7048959694948,236.37804914541277,840.7065172603623,230.42458500843566,1065.820625987962,388.0529298299946,763.4138577828611,344.0550760350802,1047.5979483637827,493.26931489580807,770.422714767753,275.73130804277116,988.7320445019911,537.5568665233568,866.487638124696,541.6953491329683,995.0069762946104,754.963901979914,870.4842605293957,751.1727121553533,1009.9373000326788,950.9909615720755,841.7400127069495,916.1885201420766,apresentar
989.8190711351684,111.96936462639837,1009.6266441493647,100.07543185341683,962.8579508562497,102.88934967397256,1033.5252350684734,114.7694818518969,920.364349008998,102.94196577851415,1061.0916787826598,241.42521602170473,865.8598214828551,235.55990256224163,1100.627559557963,409.91550549458907,806.3553105810737,367.3177886844145,1074.153208602727,548.4419867964571,811.3317681101046,280.38930098834203,1008.9141323223189,557.2108613841729,895.4476453729177,565.8107873345164,1024.06716432089,765.3832319088947,900.5586426731213,761.8207155220239,1044.479897346942,958.4107941505047,874.9941197258025,936.9938914970664,apresentar
990.6479226197714,117.71790738235654,1010.4821527978326,98.3722517555326,964.6152900072387,100.75091291494402,1033.8229061379043,113.56222546054232,919.7261765773194,101.972910365242,1060.4515710971698,240.70238759081656,864.568007057279,231.8625756645945,1106.1176724563777,404.6062769314658,807.200194481282,365.24210295324656,1074.0298510896557,543.2353280212164,798.3435628571863,289.5064143911874,1009.501167030186,552.9390820454995,895.4275999551618,560.7380017232339,1019.6387514344449,761.343095237643,903.8222589752554,760.3808724369985,1047.9260562644395,957.1440961667072,877.3490306097247,938.3140391783957,apresentar
990.279014973325,111.98964159776267,1011.3010189783712,99.38854054254318,964.6248433747644,102.05389356798696,1034.076941820434,114.32559714706952,920.8500166718599,102.37227265473007,1060.761201019881,240.99474005198203,864.9256861349024,233.0289076274471,1101.6949914123297,408.521802137798,803.9070907177164,364.6643767004347,1072.0828147621007,543.2092533037356,809.8746582506232,282.8990286148012,1008.8431486730909,552.4393947022435,894.4351683145368,562.0671639646538,1020.5398618943033,761.9650304178319,875.042446745045,756.9281338346607,1046.8839189700116,960.3662679353113,877.3368972006475,939.5327200685495,apresentar
952.4832105822137,110.71823060744464,973.7276307339798,89.04452075290311,932.8679196843841,88.63082351387709,1004.6562853861412,108.36671821802042,902.4943204055965,109.03478600171752,1026.946814867309,230.32642409031496,843.3987777056861,233.8457325738692,1060.9810175320517,390.2364892625624,766.7602740929749,348.07852303471543,1040.57206328277,484.87535409890256,753.6264643687682,254.81402682886983,986.5757353667619,541.3352708037262,861.0000616288835,540.6527888079098,996.2195833554991,754.7098680785657,872.7387840181938,750.9738859777785,1010.579544245501,952.9267426130837,844.0905886401463,915.8729980706241,apresentar
987.7313268045507,112.21292339874151,1009.95441718788,99.30841586933059,963.520145193612,102.74560119391413,1033.516981072927,114.92211486578913,920.5816923505138,103.14390189916708,1060.9749855605544,240.30697952448622,869.762361875304,231.2391122305903,1101.6961278061922,405.04696441531644,806.1689491123541,362.9385862832868,1070.7590815622054,543.4381547326708,803.5838632546511,279.0454244057029,1008.62437682393,551.1856699546488,893.1999687462002,560.5593028977687,1019.9238153004925,762.8861275164534,874.3194722572654,760.0681931313839,1045.8266736932303,957.2748633952456,877.0672227436467,939.76781822828,apresentar
991.7188295594449,112.96350620136184,1011.7673964444765,100.02436181450628,964.2196085295325,103.39623120972158,1034.5948132466713,115.39249642813718,921.0560601972884,105.07277195555696,1063.129384378515,243.00410170499458,869.4227653533104,234.18978917459572,1101.8873982114087,410.48683730544747,802.9393391293775,365.5379180314476,1077.9954203742952,548.2485816450899,796.0272109925979,281.4536567420811,1009.8916661600194,552.9900701500562,893.9070871553532,560.8725949298547,1018.6672166163819,762.2865586336484,873.7637364725194,761.2745571507555,1045.783091741777,958.1848334523954,877.5619352466865,942.0449270997995,apresentar
992.3782408005533,113.20995048790132,1011.5496790548243,98.86018508139284,964.0450090935258,102.68807971523893,1035.7405583125608,114.89580325115514,921.307662785749,103.93210325723498,1061.8573250380934,240.4402083459995,862.0006849236989,220.75040705936897,1097.9188953206697,407.2475911300006,803.8988616587123,364.2381755665583,1075.292564514546,536.9242045665993,811.992456458422,277.3769595372538,1010.4721532443155,552.437666956089,894.3000336287087,560.4565091262996,1020.2882521811163,762.4020700417605,874.3325105065966,760.7446574051557,1047.3515753245076,953.36156822828,878.0544996447137,937.6940775474222,apresentar
952.9026866423017,115.2261732524471,973.3352595822821,93.18755984770189,932.4656861301526,93.19152119558612,1004.7642107418076,111.48140636399557,902.2700482676465,115.83146150937807,1029.6538546669808,234.74171679307517,841.81555039224,232.40382688054774,1062.476160962294,390.80042560740674,767.3110795670447,354.32460681009854,1044.5775025364026,492.51921657458354,763.2305741959509,280.02173635282406,992.0836191140261,537.5659280621124,865.8919308436056,542.1322694177294,998.2547222686649,754.2385852383268,870.586614349009,750.1788644753542,1014.9289973515017,952.2236995474375,842.0384207402686,915.9131779652162,apresentar
990.0447325947683,113.042355548547,1011.2066127910689,99.68887982201488,963.712511916105,102.7160905771218,1034.3166211792468,114.64069529730057,921.4761696900839,103.69744326817852,1061.9790233805022,240.2066028164519,866.6527180356275,231.52671962396641,1109.7598575339707,404.3910638831469,802.8108767498328,361.8020819875517,1080.845837277661,542.1909624686037,804.2321385483798,285.7768641371672,1011.6086539776873,550.8063085533765,894.9593486860105,559.0382147763027,1019.4158793052347,761.949418361085,874.611828280794,758.1484177882569,1049.3156290610941,952.9965613695435,877.7084124969601,935.9514050910445,apresentar
987.9429383036692,112.00887835907099,1009.4482196258664,96.81298400641413,962.6709045232038,100.37670447204823,1033.0395567185221,113.34600426343627,923.6849987460481,102.60509446437254,1061.6784543286037,240.67986633063288,871.2143739930386,233.24116747666892,1105.0628763042998,404.9442775147435,808.7223994036129,363.3471822182029,1076.0443692077458,544.6900942910042,807.75063125076,282.1724917638163,1010.4620218833597,549.166389791882,896.2406523589494,558.7257349630274,1019.3988583338399,759.186721979876,900.9739572250426,760.956726667946,1046.8186885373602,951.3244842648041,876.3413057438595,934.3310356882296,apresentar
986.4936870174186,112.71294382295719,1008.0183297836363,98.44136516407775,960.7787993909784,102.70642588574594,1033.4206975202153,112.77200068017385,923.696971848781,102.2272915970027,1062.5808793004849,240.04945628837856,869.395751953125,233.07116437978777,1105.960034322182,403.4991247273605,803.470893592686,364.4233400812409,1076.9297625768045,539.0126667690648,809.8455412749651,284.0714459845992,1010.699439141537,550.1762636533507,895.1374739709995,558.1471359312303,1018.4904913401325,758.8695915014364,873.6034657519151,757.790669244551,1048.2411900383026,954.0755299371503,874.2372137284929,932.5391883701666,apresentar
986.0038246718826,112.69791065023105,1007.1156447592413,100.03199952121838,960.299448243375,103.68689867309092,1033.6985689749513,113.92391932149803,924.4754978283834,103.04506769440059,1062.497089846125,243.70621855620743,871.3156733531432,232.1901492107703,1103.8156573225087,407.45279750007603,807.5502411957381,365.1246696501854,1075.2110879244972,547.5685006820738,806.003822890701,286.37554064798917,1009.5852957996414,550.7774783479565,897.0544813579158,559.2805195967975,1016.7049315931268,759.752649685752,870.1168526378588,759.7805501143757,1043.5875146769365,954.4769726467505,870.7095265666799,935.2755072330224,apresentar
988.4815284343082,111.54299249908809,1008.3512041262616,98.25330444810925,961.0286221337226,102.23901177194796,1034.8687126664336,111.74821311861626,926.6203628718157,100.1197049033317,1062.994750204717,244.4029776131597,871.8317030376033,231.84844020739604,1101.1687822750107,410.494006561398,805.9543701646857,366.57409905459633,1075.670031629184,551.6217272569234,803.248684063032,280.79024852945645,1008.7837854526387,550.3988507935045,895.4465517274136,560.5076005393893,1017.4323982209083,759.7667032085967,872.4233973165431,757.8871433836941,1046.0101068993952,950.2382092902633,875.0441281804779,935.2997419899077,apresentar
993.4864599324386,114.78958070510089,1010.7386963840588,100.91988292649557,963.9851996870821,104.44209829842532,1034.6366781390595,115.1373029775657,936.1559809228326,124.25862709371961,1062.6234450878337,243.64323597473856,865.8827631018969,222.2876309049733,1099.1913910505837,409.2373811595635,806.0370348028636,367.75297053593147,1074.4881437724666,543.46506126196,807.0203556995912,285.2854334612301,1009.3641300424064,552.2054703411889,893.1720540681238,562.8175259007554,1021.6561996519334,763.2608899068275,871.9945885328003,761.0011101511202,1048.0126412833247,952.2230939456924,875.6283343719601,936.7506141514166,apresentar
956.0616701168773,110.59014583839985,976.5501641299475,89.8525074762129,936.1273787086576,89.65938820449293,1005.4558435581074,107.99989455404909,902.7620426875608,108.68983524782652,1029.9755645633209,231.5356540308852,840.9528377547803,232.011325702593,1065.991812680018,388.51717700290305,759.8289804421511,351.569963150915,1042.2090047992158,484.0872667364573,753.1419722857643,245.30450843187623,987.0172653495106,537.5982738747207,860.5108476334509,538.9228061572123,994.3717036265807,752.1028113457944,870.4773531071407,749.0948266649061,1009.2120883808062,953.6233235518757,846.3173924902534,915.984628284024,apresentar
993.1886463684795,115.62635132310925,1009.7374835181329,102.36834336811467,963.2556504127117,105.40963614497207,1035.3367608808821,115.49912508359682,935.7003813866048,125.42898452699421,1061.9893025795309,243.99712826027485,863.6793417132782,223.22486729009609,1099.6337190026902,409.9026631752341,802.8957215542923,365.4309046407618,1074.0764067237944,550.453121615755,809.3007455076225,285.0041091859573,1008.7972654350073,552.2577052728675,892.7781564437926,560.9690566007265,1016.7123448709569,759.4781571325161,866.5118408203125,759.0435042919353,1044.64646276333,948.5416338137616,873.9982361552317,933.8351582924215,apresentar
986.245297680569,119.77559249224828,1007.3328171073231,106.44253623160876,961.8693398501623,108.49365234375,1032.688339767753,119.15283796852202,936.1378876801131,128.42420526051797,1060.621672159039,245.24189989854392,862.9877391770656,236.3961744494012,1097.6031862251489,411.55653126044956,799.4186341994467,364.4641042033986,1072.7772128628385,550.4284843118274,810.2987308724845,282.9958206948603,1025.1456056587426,559.0576403428609,891.7241279809855,562.1520853599222,1017.0951884822623,759.4865839026781,868.0847096721486,759.0103778764897,1047.2458586340285,948.1351396731366,873.1730859659989,934.7766481392114,apresentar
991.9367250672574,116.1787669853478,1009.4978326582259,104.42391599662574,963.4463944787645,106.12086195890083,1034.6335361347124,117.02129438229576,934.8541473507418,125.97532279760458,1061.891707186569,244.7991978983007,866.0725747193808,236.3148955705101,1096.314365965847,412.43343368114665,805.7446431557029,366.9983230768938,1071.409191472985,553.113910363342,807.8566275867507,278.53563954394156,1019.5003785604633,557.0888397573034,889.809147578733,561.0212291910491,1017.2198640697197,760.0057609350301,867.1600199302347,760.7655738207152,1050.3661307843279,954.7448160490637,872.1355726190114,937.2192537181572,apresentar
995.8969543694523,117.43555447470817,1013.0030306211241,99.97130397692729,967.562816040989,101.44046887349532,1034.8498570779882,114.85271290582443,924.2182702684217,103.90330511308366,1062.08839505563,244.6345383462275,866.1007120451575,235.40395655056852,1098.5241087679733,416.4050483518074,805.6209579052164,367.8712694932515,1071.4343052429913,559.8241611584615,808.7590685892662,280.92374096584695,1018.612302787573,557.3983467784838,888.8365298022557,561.9066242856275,1014.8456736761309,759.9699983708126,863.7712863076058,758.5880009395139,1050.5579088263012,956.925630680782,870.0001638687074,931.5651527731336,apresentar
953.2852319056885,115.76004325183919,974.9522055540567,93.46376055409473,933.19799400953,93.54230353804417,1005.9123247792285,111.37863218552411,903.4448230312956,115.69171712556238,1032.1458773483098,235.98805943351772,841.3237536834836,232.61139865979146,1067.7588214206326,394.5289944303639,761.1325987582077,343.1208070985074,1044.3922632120928,498.428671276523,750.1313372066513,275.8195762782709,993.8564754738418,541.4167892515428,865.0467762037938,543.6846618058617,995.1039545081469,756.5277633963856,868.8621633804262,752.9991322083233,1014.7183120668167,954.8539739823991,837.6277400732969,919.7965279070784,apresentar
997.1367422615972,117.3595336439081,1013.9810168789519,101.10366168189137,968.7793336860865,101.63775254780217,1035.3307155505229,115.70093295917434,921.245944843218,105.49909420978236,1061.9709760020216,246.7543581951453,863.0198610060874,235.82963045469057,1095.8953340879211,415.91371831263086,802.4821953087002,368.7597121895519,1069.4111100430619,555.8313202023043,806.1868464250973,285.0242267415681,1017.3206255129803,559.5998391474268,891.0064222283864,563.7688371829022,1015.6231665704037,760.0002339285172,866.774550857247,763.5441102499165,1048.1286193610165,959.8938415764835,874.6863244201422,937.3886120272982,apresentar
998.2821310911661,116.35694926814813,1013.682704584144,100.2050448762767,969.9623811476889,100.47813207722822,1035.1029843579006,116.32159637569919,922.226574374544,105.56320962275049,1061.97706497133,244.8040177757174,863.6570822867902,234.92956732961454,1097.188372185258,415.4398456900036,763.1695437895185,372.65666323413177,1073.6472096424623,559.0235164657178,805.681557265701,282.36350300710956,1008.8253154828855,554.9704092300356,891.6245670541251,561.3490111354724,1016.1466415939628,759.2660949944523,865.69308151067,761.6450037381064,1054.2561583760184,959.265426457624,871.8406623810646,936.5724639298851,apresentar
990.884513409685,115.35383766263374,1009.6795701795052,102.81191814734314,966.0211819897366,103.84357140685802,1033.28585494817,117.61462022358342,923.579506484451,106.90662666053629,1060.3509521484375,245.70377097519452,866.0492269909336,236.86669138155094,1097.7852479214798,416.14100242867084,807.5105618131764,365.7367762702912,1070.0732081966178,559.0155492404092,813.036157630297,280.64014657462155,1008.3422804064325,554.6665788346228,891.9599813617157,563.4371847308563,1017.3182814779913,760.8852193513269,902.8541440258695,764.0523935755866,1051.6619778050524,958.1030558426557,874.9983518132904,937.8885042064385,apresentar
985.3684896624969,115.12635939779909,1006.0325117890474,104.28898436550037,962.4910140872465,105.6689191885032,1032.4654818879956,116.54936675431668,935.3076557797681,124.2007956894455,1060.0617897835223,245.9909473226228,866.3592291805995,234.3959466956469,1097.2156509815022,416.82608407295174,809.3094305491169,366.51652770283624,1071.0068457043126,564.1962976121717,806.6823426480423,287.66932951337174,1020.9611683411357,559.7051728838612,890.6596689187136,562.9408620396476,1013.8826244072228,762.7783214999545,900.8521030292437,766.9878146991655,1050.3635961629075,961.1367857224284,874.6398854533986,940.53519401105,apresentar
987.2092482273681,115.56092496048154,1006.2410062203611,103.87747085511921,961.975506288996,105.99608662527362,1032.1443775934003,117.23643974571382,936.5830868969632,125.77455513208292,1061.3245887607916,247.0025409149289,869.9342815235896,235.54462002409105,1097.4168479117902,416.68530660032764,809.5923445289701,365.0548366442729,1071.7467004501402,566.054164426336,808.3160335080634,278.9099904813655,1020.3127398657891,559.4520242297696,891.9051209683548,562.9765497942379,1015.1724777518543,763.7696808692547,864.2662410513436,767.1579513846668,1051.901728411129,961.9758790012463,873.8045575924884,943.8214883173487,apresentar
953.7618066364689,107.34459784244291,974.5242339256673,86.19749432871777,934.9060313896447,85.8650082836819,1006.1339251447745,105.958222266765,904.3095795746443,106.95303000364788,1030.108686513938,228.6069996162147,842.5606453743426,229.84652745584572,1066.6109050943694,388.58466953618984,760.7186842150262,342.298040130259,1044.177837446042,484.6691003940449,753.8322763405886,253.6478266734557,989.0991745291981,537.0616025219632,861.4436791564704,538.5119294192541,997.0348479868373,753.2926050327167,872.6079455423912,749.2490199938823,1008.3358681526629,952.0583595839919,845.0919342041016,917.9802944316939,apresentar
989.3693655288637,113.08910087852632,1009.1514498343264,100.60768453991363,963.3935949125179,102.61135709888742,1035.6642204314355,117.46730225559338,921.9060543075146,105.15121519333661,1061.7079765230765,246.21316397700332,867.7848406246201,235.08718408963102,1094.2924541072623,416.84576612966066,809.5983595792421,366.1380907348158,1068.4400659405303,563.7662437824888,810.1706211668971,282.3294877820442,1016.0845852269273,557.8578435400581,889.2669060258086,561.9537383201986,1012.9777984025413,759.6028006587046,900.5257121876521,764.2550216852924,1046.6269763991063,954.0947809479117,874.8528399634454,938.1955015427409,apresentar
987.7366525375426,111.95768719981152,1007.4539873293866,99.53366409479872,962.6993588993058,101.76406325997084,1034.838258023392,117.57515636399557,922.0620965029943,105.56020298820522,1061.1581863225201,245.39119497811282,866.0484771134788,235.24304460458723,1094.2650648777587,414.6414950478402,807.2189378552864,363.03274666752793,1066.8740194595277,561.4878453354892,816.4447407407056,283.6818080560706,1018.7272958718386,556.8087792303776,890.5272915020064,560.2375627213415,1012.0532511551556,761.0505539712276,859.9460705708901,763.1700140214616,1043.6160313943944,954.7985863592837,872.1782176689416,939.2896671517815,apresentar
987.6558866389531,111.258544921875,1008.2479312169413,98.6966191748237,962.8868434030259,101.21309747955684,1036.3009964167377,116.46475350346543,921.7125467382052,104.92858174246112,1061.7340467876033,246.29554006376156,868.0985886391962,236.60941038614123,1100.9931720184445,413.5127210802606,808.4558331085086,364.85793770519217,1071.0815502419082,562.0475620611169,809.3183222076773,286.5566289285741,1021.405380783378,554.7060426942105,892.9399946042072,557.6508595507432,1012.0126829629743,758.7358532619849,865.5385889431845,760.534741590923,1045.6058285486838,956.1208643338095,874.3986778407709,935.9888099046996,apresentar
989.1500486381323,116.41145698755167,1010.6414616803714,95.97072734906976,963.8423320013262,98.19385929330315,1037.4290579116762,115.6608492483889,923.0645241347733,99.6366199537938,1061.4122861275878,245.1754547000395,863.4230866784716,220.91808037071382,1102.011487790119,413.4094535144851,811.8005216724678,362.6334948112992,1067.5309058757143,557.5446904401371,811.1353233723326,282.90008930844556,1007.1452978705618,550.7809089037231,894.0679100422544,555.8789507795401,1014.5974695821681,760.1257627019622,868.4225926974405,761.7154637199433,1053.1790600490942,960.9219680964252,874.2312075841288,941.8448790316452,apresentar
985.7005286309505,115.40105322455622,1008.5981720801922,94.9057980548547,962.5540420888462,96.93825094616363,1034.9212610860743,115.62618032967532,922.0009699127554,97.30906445692483,1061.724666194693,244.68128723857,871.6545182165005,235.04436804626698,1105.210315392639,409.35471293527326,812.2253904825055,360.20045773992285,1068.9624206008614,559.0091084877341,808.3283628471166,277.31588816364456,1020.2629736518118,555.6477925935144,893.8988295974435,557.2255864124818,1016.2122247005715,761.8511363226153,900.5160083102809,769.1424032129667,1054.263829925181,961.5885503746656,874.9667465269334,943.9406244300219,apresentar
953.6055417932889,114.73252589600565,974.2892675733752,91.94492206499274,932.5982131661144,91.65888567379011,1004.9366754316634,109.75893606935495,903.917138956864,112.93993048166953,1030.7508559171329,236.04871222945042,840.5577155680973,230.7206173907922,1063.5378716613532,396.3405416169519,767.7643653483707,350.139952188336,1042.150589167376,494.0558098819006,759.3308409457077,288.0368086521728,991.1680810831864,540.5832853205937,863.145669425044,542.03096471408,997.4633895933397,756.4931016023984,870.1354588608798,752.8164791597003,1009.5805792307575,953.0475423493738,841.7451238075583,922.7050371578232,apresentar
984.0091150187333,117.82076705754503,1006.9709380034807,97.65118669443098,961.3747306556553,99.84666401310187,1034.4005504563625,116.73266459067975,922.8309114804991,100.14234015913792,1061.2258516304223,244.28903186367643,870.707827319431,234.8096759959418,1104.694688255221,407.65746060976255,807.843259818823,357.69343750949963,1065.6530996240995,554.495574713681,803.2947703558184,279.78316488896826,1007.1401253191877,552.2374211767768,893.9412894044868,557.2528758958156,1021.0471780383633,766.2184012446421,901.0644270010032,767.6792729596684,1050.8005912572958,959.7618631444552,877.1899247818884,946.1299246108949,apresentar
989.7370797836363,110.87120917056791,1010.6690699952122,98.18605415552042,964.2166384092101,99.89789079599348,1036.359251742233,119.12555739109621,923.0945014211454,101.24113684034535,1060.7067770160127,242.58427363889223,868.2668924888285,234.22295477603666,1103.8784404116382,404.18332467283255,808.6549104326893,358.77014397647133,1065.9774127173516,548.0032185357833,802.5357411900383,289.78450760303303,1008.2382237772069,550.8013052142547,894.0438854647981,555.4610642013847,1018.1762659688868,759.2589186137752,866.4633641818155,764.5944837280749,1049.221844506171,958.2228581172483,876.7179935915461,946.1733498183669,apresentar
991.9070470193944,117.35887104435187,1012.1374832331438,97.50020661706594,966.3167290001064,99.30311863524446,1035.8135903206316,117.88211095193947,924.7837598036235,101.89979642281742,1061.5412133955306,241.8021140488205,865.1986183730545,217.69437678593147,1103.7085691221957,405.5373557717884,808.697902813032,360.5056062097216,1069.645470793609,547.9346537311717,798.3722505680782,288.19707046686904,1009.1412614755593,551.9034710004636,896.4149944142146,557.8466719690464,1022.9420560250486,763.8929297302484,868.884132474313,768.4881182125107,1053.8392371982916,963.2839573960359,866.649533282922,954.8645185774867,apresentar
995.4375306363236,115.66993327456225,1013.9862749270428,94.35688775801009,967.0784949514189,96.60947332122453,1036.446273150611,117.7719698063595,926.9561156039108,99.58924052316388,1060.7785746652328,240.17584893490096,875.3898377177317,234.19837803228359,1100.1442929279017,406.3406544251201,813.0578809211227,359.6193650538819,1068.4626459797068,545.0318264497394,812.9199462178152,282.2896979662231,1009.080387813108,552.1414689238434,896.5054143170902,557.2665322151629,1019.9013795370258,762.8710177529183,868.1549452251033,767.198309397419,1047.8788175471561,962.317958490394,877.5925181348036,952.2786133762463,apresentar
993.1762315327092,116.5312663868707,1012.6752362084296,96.46403271864358,966.4855431582678,98.41183673546936,1036.028165705937,118.82759420788238,925.4131581347276,102.10039309490514,1061.8059094499522,240.0723124107035,872.5611610264166,234.27609454796936,1101.2702882521812,408.45445388022097,812.0663879632023,363.3066532120166,1075.3064577310465,550.0601600023559,806.593369064628,280.3196425382265,1009.1461347884241,555.9336758030992,895.839270209524,562.174870234983,1023.0638247241307,765.024877763444,899.8934212176252,770.091277838681,1044.5679055299277,960.3449935022495,868.9853142764318,959.8612495155187,apresentar
992.4669578938169,113.95134239345214,1011.7085604537785,93.33554041524803,965.7629694363486,96.07567100673339,1035.9593764724434,115.39210456818455,936.3334168905415,117.77686093104023,1063.0773418144493,240.7462153453307,875.3249777708536,234.8158424466501,1111.6690099100194,411.37276319214345,813.9712922211287,364.2819997587093,1092.3612186417042,559.6041424821786,810.7592090651219,278.139116457928,1010.7240550712853,558.2307944687424,897.2538098287026,566.019417135632,1020.488969973553,766.4795313734953,904.4811322995197,775.9385549419121,1044.552323753268,971.9993858485834,875.7976071843841,966.0894644770642,apresentar
989.5790569142146,113.15117149501464,1010.2553941303654,98.90009779874458,964.1825439215635,100.56783950746296,1036.1230207510032,118.49498704249754,923.1449872324903,101.7936451240272,1065.196467002542,240.8388439133937,874.0077832886217,231.20901026150602,1115.735921303122,409.48042695160507,815.2195157893437,365.2446749794808,1096.442691194408,554.7664283129028,813.9948804090923,280.57477008507874,1012.8085861502918,558.666004819165,893.5442426510822,551.3458614126718,1022.5717697440418,768.1765521453976,906.0589100878526,772.9468129673821,1045.7526869718204,975.1345932066208,873.0373456784259,969.6159083741184,apresentar
989.8798735503557,115.75501675735654,1010.6383268007509,101.64314596569488,964.1865506895786,102.62393224100197,1035.337868775839,119.71258853660015,922.4408113353447,105.43091770276021,1064.4818213199362,243.88899272517938,873.9550033153727,232.3770877823291,1121.692766122781,403.5425249982901,819.5233118673243,366.35481422513374,1111.9062063016781,550.391170338434,808.4393785528636,305.97481961380186,1019.6364608349039,552.4231645754803,898.2090218985591,545.4527659731616,1024.8893898099313,764.1866911060615,905.6543182491793,769.7571869490212,1049.105194923015,974.0189607969055,871.4245213608798,967.0729082753223,apresentar
993.0179949214951,117.12622022814321,1012.790938202973,101.93604346843085,965.4919528590102,103.42869502561098,1035.573750655475,118.88040268003715,925.8749615264774,104.28130034806668,1062.317596613665,240.39324571186467,875.6251424945282,232.99458425796445,1126.8366369106427,400.63055313050984,819.9656629747918,361.86207930865453,1127.0713182738782,548.3077916839244,826.8116852281622,300.0031978889198,1020.8229379616823,552.7158768353295,899.7834296912998,555.9218843808898,1027.433544114406,766.2685415067563,908.4585678159959,765.8238802067501,1048.790998050675,973.4415088460603,877.6498721824082,964.2544448793167,apresentar
998.210050234071,116.16525850407345,1014.181239502903,100.82301870858157,967.1380318370775,102.69910522935925,1039.3898716789276,117.96625753321075,928.6312616845513,102.97505300796445,1063.7333509986968,238.88076604108403,880.8658846250304,230.98448519576846,1122.0094566493647,397.3764714934947,814.4969011002478,359.1838412154973,1114.3126040210057,538.2215718814836,823.347057238627,284.5150047331932,1024.1192068849557,557.9141591587883,899.7524798797726,544.7726983690077,1027.2381128689658,767.8986058810342,874.9446100019759,775.4402079378121,1046.9859610828444,969.279856403514,877.9185171164428,969.948960834904,apresentar
953.8692973838242,113.26222460557517,974.1934115042483,90.90216491936712,932.8409223148332,90.21182524091074,1004.3851752967686,108.68025605316757,904.3799932457594,111.63699257698511,1030.6083720760123,237.2560505551587,839.6657463548712,231.99742179900295,1063.8035865516515,399.34888609652387,764.9043434232126,349.38342736388927,1040.8674295032072,508.4719617079204,753.1513733622629,287.6155494066528,989.3289540806633,539.9807265018211,859.3788479459889,540.4232684183678,994.5558136817547,754.0130698356184,872.2399427361989,750.7630190125699,1014.0368676092838,956.2287896894759,842.3465914299516,922.2983577743114,apresentar
955.4516510276943,108.56378815053506,975.6070391584464,86.03717017266536,933.766279999848,86.96687037842747,1006.947234038713,104.57883248533255,901.7264494543409,106.48211052445583,1030.0298015431208,236.54471787033378,840.800059129292,226.16492482938656,1067.4015226252811,384.1151612278088,759.7141298524136,341.66839599609375,1041.82005885974,481.758350416844,758.9258358729024,270.5001415445647,986.1509057427195,536.9589087193115,863.5397487298987,539.0293152508568,995.0345917341774,753.3974988172954,869.6975909875061,749.1100023321605,1007.3713725642936,950.4901752397709,845.4168983192295,916.4819662487462,apresentar
953.954441426793,107.3491541049824,973.517625860667,85.71639717784836,933.0629768816877,86.22128379020245,1006.1072359196407,104.33146910908624,901.270648644592,105.97160250296395,1031.2073442629803,235.5550933719145,841.064073436455,224.90168233789825,1066.076731403514,383.06587070806484,764.2436319195343,339.89142510677596,1055.444252815692,473.5055660737628,765.9205146522373,270.37556570327695,988.64010703239,537.8032270943609,865.5789558618449,539.2015693159883,995.8544090656919,755.1820717896933,868.8736555641264,749.8655742244498,1007.3521073040795,955.9310901211393,843.9252963233087,916.9273257719403,apresentar
952.8761986906891,107.82952097139469,973.3904584001474,86.12664604929171,932.4452328218097,87.44578023828888,1005.8345583904578,105.26471920978236,902.2031292748359,107.3965798463339,1031.182674897784,236.60100320897675,837.9378911029504,225.37777436846432,1064.227303827783,386.4991124965801,761.8456805633664,340.06590965656915,1046.4133806636826,486.4336243863236,765.5974653073322,263.05394747841683,989.238384558533,537.3618491799915,865.2894016369771,540.7979969662915,998.3337960447319,755.1303053087761,869.8816012965102,751.2170956385276,1008.6861695760883,955.1845256642146,841.4411923300895,917.1989666534305,apresentar
953.7517696781381,108.13614069719722,974.32454921856,86.25014249452823,932.5940665753435,87.28112246739727,1005.930314713415,103.98548170750246,902.0826572759606,107.19638572128827,1031.9449921248024,234.29280915612844,839.7074736509805,229.773342266157,1066.414121041502,389.34272083327005,762.1725451992644,352.83135677589985,1048.8712117829675,486.8812780714221,755.5486229328794,264.33657635046814,991.3143624034838,541.7054056842967,863.8575382455314,542.3768443541768,997.0136982364877,757.035813387266,870.3525314627918,753.7667520129728,1011.6564323929961,956.6424299306907,839.5993846492545,920.2664659552074,apresentar
980.8751598313625,117.079824009758,1013.157028020124,101.84190089600565,964.637539637228,102.92056310037697,1040.4589511262768,127.17882089577756,928.4999511956241,105.98708809581717,1067.3300268863425,235.67618522198745,871.5790923003557,233.19766389720633,1120.982213595498,361.3154702984406,781.0502202965406,364.89759393239297,1124.7809609735987,270.2724584438457,821.5768931348036,274.86348252352116,1030.5936238923425,546.5005692062675,899.7072521165187,551.1229331762411,1049.530720989064,777.665421304072,874.1554753047483,782.6845194300788,1074.1824003880126,968.050566795735,874.2443740785354,973.040771484375,apresentar
980.8877901901067,115.65936018056902,1012.2888052973766,101.35579506246961,965.094827733615,101.84225356996296,1042.2380309346122,126.48473004886614,927.5297130777678,104.96106337016658,1069.343847282202,234.55197820403703,872.5655356084327,233.4560314133937,1116.0194747271705,361.76551789161294,784.3507213073018,367.6497973727809,1125.94751380297,268.608492840125,816.3839418878815,272.39548263846666,1030.0366555299277,545.7837353420629,898.804677525383,550.5373519125616,1048.6213761266567,777.3146532110668,877.8907556199842,780.8031312222611,1074.4017831824633,962.69290078011,873.437313569659,970.4768888124697,parar
978.8867858411737,117.09104545385458,1011.6717149311467,102.45616274585052,963.8668570908127,103.59583042011184,1040.784640182317,128.8304607228082,927.1795897725027,106.00978747416104,1066.1045116023795,235.97758964805757,870.8704812610196,234.4950053292954,1115.2100773080315,358.9050613581438,779.881875598477,364.58367848674607,1119.833404897252,271.70406890750394,819.4005243323656,272.62839706955253,1030.0066782435554,545.2781228982058,899.2980256433153,549.8640269713643,1047.8427325890686,778.6818650538819,875.8402736084935,780.730970211994,1076.2682343456995,964.046908723705,872.5141770181025,970.123231642905,parar
982.3657648108813,115.82067823595571,1012.3895311170052,101.88335255426193,966.1063429539306,102.35780946011675,1040.1303836807667,126.61060259036049,927.9922325045219,104.16508181085851,1068.5702551756387,232.7791254065844,869.7373968339616,232.19690345140748,1117.6717415301252,358.23233756573745,787.0458770633207,365.88449678532345,1123.9235108371838,283.60247957103445,817.8582793358236,279.7199507538911,1032.7572038108738,545.4735452377379,898.8561073629772,551.2259558295461,1047.0043838441604,776.5357301392908,878.6722098621414,778.6922618108965,1075.437368344704,963.9392932936375,873.1409712617036,969.915378436968,parar
979.4580731224921,115.6202525573018,1012.5403259514835,102.19301453824175,965.0341268457792,102.59887457821617,1039.0188586758268,128.3743962981822,928.3622836695571,106.10122621291339,1071.2980403974364,233.36899931792618,873.1583627188716,235.02747175758452,1118.5311937146614,360.84263070548093,791.0294825928685,369.3550293918713,1124.4628383770064,287.53377090632216,820.3103999868905,275.6735051374027,1035.3015611700512,548.1696717377303,898.4114959360561,555.1763209480256,1050.5119864022222,779.6648208083809,881.3984579242157,781.5690384207996,1076.0791423255832,968.3564419876277,875.0068979226198,971.9902305751459,parar
978.4101879550325,113.95449864725197,1012.2468370964555,101.0583163606517,965.0304914541282,101.871083775383,1039.5793145918196,127.99528960587918,927.127126849579,104.36964695555696,1068.2871822253276,234.77699487589678,871.3378348146431,233.88001675735654,1119.7458669462094,357.3188087077457,786.5582679125122,368.85656215801316,1114.537268018908,280.7470317202319,815.2770568610166,269.57503144379257,1033.9431964562561,546.1890191697889,897.3997242255897,552.3705769698444,1048.7821776393787,776.7304578179978,877.5554588703794,780.927979584334,1074.568798347206,964.2358529057485,876.3831207631627,972.4683246538334,parar
995.2431930363874,115.25455460010335,1006.7243334105971,105.12067861594119,968.7941798347443,97.1684936048456,1039.7019525075236,124.43891117081102,932.8225013346988,116.40819030049249,1071.3192382396892,230.48232022890318,878.8850076282071,231.0574352694856,1121.6352517688322,357.6048593484011,792.5022276644577,366.6908590710117,1120.202237734071,279.2927432524091,819.8720458509393,271.417070678236,1035.4555835055935,545.1733751705185,902.2116219487172,550.5312816456599,1050.3611042898453,778.7493949919824,884.362828592382,779.5071310199189,1076.1426690580315,973.1588210762707,874.7313455663302,970.2913751861929,parar
981.7085942962291,113.0551230582746,1012.8932706484071,101.74279595163546,966.8154358028902,101.94150813358772,1040.4772189247933,128.79776179094722,929.572201146226,103.34270314019943,1070.215751707322,233.25597265814997,876.4454941805235,233.05179224867766,1122.414429660901,359.9218524383664,792.4339941596243,367.818966876672,1114.8299090314931,282.18511677901574,820.6190983516233,273.96547131965133,1033.9010323253588,544.436432656611,901.3040457996414,552.651987632425,1051.051424375304,779.380884430288,878.8416216067303,781.7366618590597,1076.358583891902,973.6639321175066,875.6035153875091,973.3343458361198,parar
981.160631587997,112.82714606259117,1013.0958301826211,100.02709058472158,966.1203742120052,101.15625641225381,1040.6964645682606,128.40531404844057,927.6679790808533,102.455197345422,1069.3899015137195,235.21222660049852,876.4627253313473,234.33523333953974,1122.2874812857187,359.78632589258575,790.5132569784321,366.36557256201365,1114.6408259172847,276.5944793344936,814.3880566548745,272.9668001998723,1034.9519330332716,546.4951437271059,901.9171997545294,552.2054169057409,1053.7600832690525,778.3795433192865,880.2953080351715,782.4907651671176,1073.9832705189747,968.4926346953278,871.6464174025717,969.7331421848401,parar
982.694907578049,113.65685607672663,1013.1973254727019,100.73099217990034,965.8785529823155,101.60220372537697,1040.295078856472,127.9451244072228,928.2499605765139,102.83878549063718,1070.0187084925315,234.65945470193947,874.1014663161935,232.96366650770608,1126.3830661402603,359.5558623673851,791.8796975696133,367.21563791950393,1118.7732028590103,282.5318424803737,818.0638953776676,275.4424253233676,1035.2966415464646,546.1490218463111,902.6327431526629,550.5115889018612,1052.7028290863632,779.5392991596623,873.7918292687561,784.8924454269707,1075.0428303855867,969.1911286231609,872.182043647024,972.5841335192729,parar
980.4747591130001,114.48949435341683,1011.1768955572106,101.72803351851292,963.0521842570621,102.76689700115514,1040.1732139735834,130.32918254689025,927.1257161537497,104.51127226714493,1068.5875985409036,234.77436941421445,872.6979059004134,233.0396695266902,1122.5543557252402,362.1156198226988,786.3840184786905,368.4782249361625,1118.0793435657072,284.6391245919907,816.312297420279,283.5197748562705,1035.0666696273863,547.4306301013041,900.9420384507235,551.6234247229906,1052.6643341895672,776.8937137989683,883.1152961226289,779.8825809463917,1070.5079331750535,964.1235957164245,873.141933099769,965.4155366058944,parar
985.660566040514,115.64750463582197,1013.4486537591956,101.86558704895731,965.000702082415,103.44911449150356,1040.7405808741944,127.39369551959203,929.1847834605651,102.69539324689936,1069.1873045746918,232.47098811405647,873.1249050036479,230.0805034711667,1127.6183262687714,364.92006888185495,783.848599088795,367.81197039533686,1115.8504120941757,292.9387927519208,822.9817270954295,297.55059370270965,1034.2135905106245,549.0119479880723,898.2663616967109,553.1968332728524,1053.2472703985668,779.9521841798776,877.6575775740212,789.3199401142997,1076.5766806732356,969.711183778043,879.1459863566239,972.4101512626914,parar
981.3174806587427,113.40641481867101,1011.3575893060706,101.25822905900418,963.0643087602311,102.39672115340773,1040.8445947550615,128.19813769151267,928.389886640853,103.36709107870263,1070.1436263206867,233.86434948397982,873.664018801678,232.43945763732677,1132.269422479177,365.66839314620324,799.9128479716379,370.8520056579828,1123.5871596280704,291.74674587027107,823.55196080783,312.74635641491363,1033.6207099647374,550.6709797187539,912.4157406105605,565.9553337839327,1053.0256629082944,779.495749269478,877.070300625456,790.7614860089373,1077.5732171025259,968.0967563970544,878.7541014675037,975.0104021005593,parar
980.0266886314066,115.83626001261553,1010.7727098279427,103.67090366229934,962.9779321395933,103.89080121823326,1040.2856172197987,130.26585797855364,928.2205016139881,106.88717615743553,1070.413065661716,233.7096538617917,872.2474272612932,232.57213785490637,1132.4694776720573,366.1245110062773,823.8862262532868,358.1730491549124,1128.9935445228903,285.5690011347315,819.6529729820875,315.9481835272526,1034.110851955785,552.5919297511475,895.0771987855667,555.4531664421586,1049.2501457006551,779.5045732431374,905.8331203831773,792.892951223173,1072.0863299239934,966.9364982634668,874.5587668808517,972.5379047319584,parar
979.3244720340239,111.57063643756078,1009.0403504130442,99.07085611662512,962.8939895036156,99.92935358782222,1039.2173927396188,126.52714354518787,933.7831566955329,116.93960226927288,1070.0215245406453,232.7396366104541,869.3344009340042,231.52350280999212,1134.5310030094845,365.0180160581833,821.5053804746398,358.0287983816421,1111.048353618221,292.19405311554783,815.8213877399608,316.09566536395005,1033.3347163218932,554.1363388833369,892.2355871534534,556.4312613520641,1051.3381750203293,783.7606069364438,905.3911094813959,799.6650001139956,1079.2233509405114,968.6105809786905,882.0779217078065,975.539056800219,parar
977.876378515815,111.84867176100443,1007.5534556348036,97.86958093309215,961.1949533247298,98.90125200442299,1038.0094238756233,127.54853719867162,934.0325541811694,116.08490227725258,1069.1208095031027,233.9281834702548,870.4435783415917,230.20611952251033,1134.2616669769882,364.95918719221186,823.8607963235462,361.70148085063533,1117.4115607710664,295.3924855183999,812.1689501810631,324.956737473781,1032.633946043972,554.247618203961,891.7663811709631,554.6524113161555,1051.4965363142555,783.851956616116,902.5542500417984,799.3917276701575,1080.5744128097356,969.3612279038484,880.0536195035111,976.6188803349951,parar
981.0698803853433,117.86139937226415,1005.9505631858736,98.37190976866486,961.9821429716474,98.19097377910691,1037.2202535547635,127.79309699507542,935.5320151956165,114.77045437705192,1071.7067966386967,233.86330571156066,869.8515492005107,228.3101870763163,1129.1394696068671,367.5923970144546,824.7309329259257,362.4958629088643,1116.1074152252554,296.28455642596293,811.3400131997431,327.851382006931,1031.8598587689232,551.2031219719913,890.466296719206,553.7123036662892,1052.3901408748404,784.0580642640823,898.5215765214616,802.6781235038075,1078.2308943633439,966.9170548850925,874.5516065308092,975.6160644056267,parar
975.1341817536706,111.64509695327695,1003.4509384214647,100.74729711629072,959.842719438011,100.59479234747391,1035.827861147632,129.586066457548,925.8754745067789,103.83559883800467,1068.0820809449667,234.35367213149016,873.8727875349587,229.72468038477325,1125.4199883724466,365.4993696992036,830.7798087272199,361.61898008116486,1117.6639684536115,302.48952858178995,812.5867708554991,321.88344933179565,1031.0039155121444,553.9907397555934,893.5992954120562,554.7587834814643,1055.7762846594192,782.6508346142009,900.8309639659838,802.5638126120957,1080.567842476099,971.2484076236474,878.6997433673547,976.362286875684,parar
977.275783672407,114.85738672634966,1005.093565469586,103.36628954698142,960.8830693167007,102.8486461119893,1037.5663264530642,130.90012249779613,927.2746585593613,105.68041137220337,1069.4302149969317,235.43114806891413,870.2675370390778,231.90028684148524,1126.756665419048,364.5528889815631,829.1296918104595,361.31628964197773,1126.8901471683487,309.6431577808662,822.5426489091569,327.9651211393483,1031.1367489113418,552.5648557907876,891.7379178889531,554.5514005074705,1051.8535100439644,780.9460193916054,897.8239874338825,799.6587570724785,1081.229487318937,968.3941246656129,877.21871223895,976.6858955116124,parar
980.3612515341911,115.43785243646641,1007.8886098898803,102.48508201035077,962.5747821674273,101.81307781531189,1038.4451863923425,131.6040597166069,928.3883174198611,105.76126276750972,1069.0678335998773,236.36494677354392,871.6584368160263,230.7490236749909,1128.6863263200694,363.13617275846605,826.8714884004704,357.9395219973553,1122.9967834235165,298.30042390044093,815.3242296745805,322.4142485741048,1030.3098887877707,553.1854069928714,893.1459775694614,553.5704521446377,1050.0428338551799,783.4725649347565,898.199717005867,802.0768250936665,1079.2764631041293,969.2024569381535,877.0636781922574,972.126248727049,parar
986.0592194197243,116.73189512022736,1013.4027491469328,101.87905634423635,966.9969987683724,101.80684011733945,1040.1229525911206,130.59237350285753,931.9393736843006,104.02938427164395,1072.6522905817292,234.01549699241548,872.0805911053016,230.09669441193455,1130.0736815456287,361.65328207646826,823.6482746406288,360.63539735074175,1128.6256022768725,306.03296094367477,817.1423387341927,316.27940137098733,1033.4672861062136,553.8232534683168,893.3877765343811,556.6632121639029,1050.7971411085314,782.8101862450983,898.5608052650779,802.225081744361,1081.4845930463146,969.4995758412877,877.7855839710755,977.1160936170052,parar
986.5004555075085,117.09467906432394,1014.320449532238,103.1256234135609,966.8819023755738,102.41152989725197,1040.6174086040096,131.9834905839616,931.3011959090771,104.45512942303014,1072.644773995366,235.95697068982554,871.645398566695,230.78623612103297,1127.9603487601075,360.55469557468996,825.0849748307165,360.98424532997933,1130.8861461594875,302.1139477384694,816.4871008015792,321.9496505084205,1034.1024412162574,552.7800955568306,893.7804843294018,555.1073856576407,1052.1740621722627,783.2128811253649,896.3255078504985,801.0983205119924,1081.2402892947662,972.910342680341,875.534227423167,978.2240669458292,parar
978.473997004765,114.3422690068702,1010.1232981403514,102.9559587411843,963.6673749931127,103.19394241511122,1038.7355189935706,132.20092654692064,928.5233594842458,108.1789816771036,1068.704654233465,234.58677180546272,875.1969036888984,234.79678736586516,1129.8415543968113,364.2360238991823,787.347598539716,373.26377542102387,1118.8764258952456,286.3622467990979,816.0950253260274,290.1734882755502,1028.3778696023073,562.8336847802544,916.9737059596912,571.6696689472125,1034.0232712563839,785.9556692398012,900.1947258975256,798.0643412667953,1069.487812175825,962.58739426906,880.1441035289245,966.2104245196986,parar
987.5360629901812,117.71752264713041,1010.858837083156,99.51712404243676,965.969659530699,98.83664854769575,1037.784731378815,126.67251290050467,934.6594125473082,115.04521945107308,1070.6875617773153,231.51917097633452,873.6416044123906,232.77154113532038,1130.1721417022586,361.4773583319401,800.3422338582199,369.77973433320165,1121.1129167014988,277.292430001938,826.1083732040939,301.4962504346083,1029.1040929653302,559.8708922389881,896.0532578049003,558.9003459767146,1034.0852955621503,786.1802887081635,902.2937415453247,797.3382461488479,1069.438635532958,958.9755569636127,879.7383182985774,963.1857501671936,parar
985.7961246475636,117.0177890169017,1009.3528551628617,98.87329814035138,965.0810502939187,98.14594194582924,1036.146464663257,124.80236127682701,935.0424592133162,115.43564020891597,1069.8811157760917,230.94996589630955,874.1667181230241,233.7725438218173,1127.1332250216592,358.78880007257726,801.1405309536113,369.56000064597515,1122.519882736503,288.3355929601054,823.956249845631,311.1518560031045,1031.5303615466166,559.7144154351973,916.9022093301618,564.4426332466334,1033.883697866002,786.7892034508375,870.1823858713825,802.1049125463583,1073.3018848404347,962.217987891765,881.4103490925949,963.1833277602141,parar
982.2520399279168,114.3561123502858,1013.8101338783591,100.26140146218381,969.5581357488372,99.9380243798638,1038.8943398323504,126.30295690395485,935.2595229093203,116.23581110735347,1070.07790071955,232.2456615165978,876.5898945730484,234.45530991609928,1124.8343144873238,359.5429167394972,831.6765463862438,359.71352543812316,1122.483852995045,287.34178624728315,816.1878480428852,312.35397991967113,1029.4496208220605,560.5606672828764,915.6836103743616,563.446204634492,1035.8554160270246,787.8208210867203,870.6483287291768,806.6031477516265,1073.0995809057808,965.0850098606213,881.3962741955709,960.5288043189141,parar
983.2865911698991,116.20365365469968,1012.9790131683943,102.65904645511614,969.8356295930737,101.58978888960667,1039.6753202802013,128.91762462571432,936.3820858966516,117.71096433646949,1070.451592619781,230.7149069225742,872.038961328885,229.79304213468208,1127.0335073508177,358.6093923368343,795.3067230343355,367.1065369839798,1128.4941831358676,288.92842719527073,811.480307968674,292.9273241688769,1028.9498070149107,558.810310809065,891.0113810379681,558.0927831746261,1031.838573648772,790.3659764152558,899.6911573595575,797.6343818397374,1075.087867562409,968.4117120527571,885.9204968404214,963.8644444803319,parar
985.6625324650033,114.90500127295115,1014.1411486673912,101.40874602915244,971.3043545377858,99.82167047285384,1039.6274064950906,130.9144645720604,938.3223733271143,116.09173132751698,1074.702405558486,228.9744609431998,874.0936041805995,228.85670702745017,1129.6247275979601,357.49098840854515,798.6071242989269,368.181586952061,1128.507192886293,293.8743407995321,811.1883170873739,301.29670287848444,1029.1269775865608,557.5172210574614,887.3300634005655,557.2748823945161,1033.8867650607217,791.7253849014699,898.0578209546753,799.1902368449053,1073.4831939875385,968.3530719920354,887.8284771989755,963.3039956890655,parar
983.9491230411752,113.91854727778457,1013.9098551115637,101.2766607262281,970.9972334093621,100.14979618532652,1037.8183707745623,127.29548116602325,937.1806590751916,114.94514198154786,1075.343224826026,228.21521091090108,870.5540757234922,229.36245216933673,1119.5511837970423,363.95844812059215,799.4189013766871,367.3659838962184,1127.7182469943155,296.30628773210583,813.6915612127995,314.777920496603,1029.439649767449,556.4256506300159,890.355321980636,554.5550341179398,1033.275545469054,790.1360454633543,897.9299819886917,793.9337757867597,1074.3985316354476,963.1208047235987,885.6024312416404,956.7728337981821,parar
981.8264960500517,114.20083606289518,1012.5958703185797,101.60385666190416,967.5087162121724,101.64289303790736,1038.1725801104237,127.66069464182578,928.7053054037725,105.91487186892027,1074.468285267455,230.69890478705622,872.4304579204158,229.94530110043775,1126.426035365242,358.59319783370324,798.6998454884333,369.2850147054353,1128.8727447866002,296.5623717734786,813.0855889821331,297.6086023345532,1029.4599979860773,554.0368616720118,892.1563245721364,554.168319999012,1038.9530760768787,787.7510664527983,897.8668426632418,791.2266968010929,1075.5611435448614,959.2086815741275,884.1018854875973,959.479734665689,parar
984.7587627010123,116.99192626003162,1014.1350463392206,102.6203449412543,968.9643468003329,102.406514089859,1037.732699501839,129.18301355977928,929.4271452788713,107.94480616944315,1073.237583293989,230.46679545005475,871.4029975623936,230.21920764492643,1128.7989682446193,357.9902749859406,791.7590723891203,367.9406643284898,1134.248040937728,300.2782158907286,809.744822580063,291.8005130634234,1030.272979142601,555.8561641232977,894.8995936056056,555.9931494568109,1039.293068021188,787.3525413186633,899.6540304102323,791.8121106337016,1077.725232046402,957.0665933928137,884.7582259716227,958.8548427240394,parar

